,source_gene,target_gene
0,Gene301,Gene17
1,Gene110,Gene103
2,Gene108,Gene292
3,Gene495,Gene292
4,Gene222,Gene274
5,Gene245,Gene71
6,Gene49,Gene451
7,Gene167,Gene512
8,Gene139,Gene237
9,Gene306,Gene61
10,Gene483,Gene293
11,Gene414,Gene218
12,Gene530,Gene159
13,Gene33,Gene216
14,Gene462,Gene401
15,Gene183,Gene528
16,Gene269,Gene136
17,Gene383,Gene521
18,Gene193,Gene426
19,Gene38,Gene204
20,Gene436,Gene493
21,Gene258,Gene436
22,Gene361,Gene190
23,Gene303,Gene84
24,Gene339,Gene358
25,Gene273,Gene125
26,Gene355,Gene160
27,Gene3,Gene220
28,Gene272,Gene223
29,Gene407,Gene167
30,Gene339,Gene161
31,Gene268,Gene53
32,Gene316,Gene274
33,Gene495,Gene360
34,Gene467,Gene65
35,Gene364,Gene431
36,Gene303,Gene248
37,Gene343,Gene413
38,Gene456,Gene233
39,Gene69,Gene304
40,Gene434,Gene183
41,Gene485,Gene69
42,Gene293,Gene431
43,Gene152,Gene276
44,Gene117,Gene186
45,Gene29,Gene51
46,Gene59,Gene289
47,Gene71,Gene373
48,Gene63,Gene151
49,Gene133,Gene206
50,Gene215,Gene367
51,Gene234,Gene231
52,Gene340,Gene253
53,Gene507,Gene339
54,Gene146,Gene271
55,Gene523,Gene66
56,Gene322,Gene354
57,Gene523,Gene333
58,Gene247,Gene332
59,Gene74,Gene294
60,Gene211,Gene362
61,Gene525,Gene306
62,Gene398,Gene31
63,Gene320,Gene20
64,Gene318,Gene511
65,Gene515,Gene229
66,Gene358,Gene176
67,Gene235,Gene228
68,Gene276,Gene248
69,Gene120,Gene75
70,Gene419,Gene497
71,Gene24,Gene373
72,Gene120,Gene127
73,Gene50,Gene279
74,Gene289,Gene108
75,Gene487,Gene518
76,Gene206,Gene55
77,Gene300,Gene52
78,Gene235,Gene448
79,Gene175,Gene44
80,Gene150,Gene83
81,Gene262,Gene447
82,Gene188,Gene28
83,Gene379,Gene530
84,Gene487,Gene282
85,Gene136,Gene286
86,Gene135,Gene296
87,Gene315,Gene211
88,Gene523,Gene225
89,Gene396,Gene531
90,Gene93,Gene337
91,Gene320,Gene386
92,Gene206,Gene19
93,Gene151,Gene510
94,Gene186,Gene258
95,Gene338,Gene41
96,Gene435,Gene38
97,Gene90,Gene342
98,Gene417,Gene35
99,Gene2,Gene417
100,Gene5,Gene400
101,Gene434,Gene352
102,Gene508,Gene499
103,Gene314,Gene426
104,Gene65,Gene378
105,Gene241,Gene441
106,Gene377,Gene32
107,Gene103,Gene149
108,Gene405,Gene507
109,Gene504,Gene113
110,Gene324,Gene261
111,Gene489,Gene532
112,Gene428,Gene278
113,Gene190,Gene79
114,Gene164,Gene224
115,Gene153,Gene324
116,Gene344,Gene79
117,Gene433,Gene442
118,Gene396,Gene519
119,Gene528,Gene116
120,Gene359,Gene51
121,Gene97,Gene5
122,Gene15,Gene194
123,Gene526,Gene530
124,Gene101,Gene483
125,Gene428,Gene70
126,Gene442,Gene525
127,Gene201,Gene310
128,Gene487,Gene164
129,Gene319,Gene26
130,Gene147,Gene466
131,Gene308,Gene20
132,Gene20,Gene191
133,Gene26,Gene80
134,Gene499,Gene497
135,Gene218,Gene308
136,Gene140,Gene74
137,Gene5,Gene223
138,Gene422,Gene302
139,Gene301,Gene264
140,Gene83,Gene376
141,Gene187,Gene110
142,Gene22,Gene399
143,Gene493,Gene273
144,Gene430,Gene303
145,Gene25,Gene135
146,Gene182,Gene148
147,Gene444,Gene218
148,Gene266,Gene184
149,Gene367,Gene2
150,Gene339,Gene397
151,Gene164,Gene167
152,Gene433,Gene173
153,Gene92,Gene248
154,Gene165,Gene451
155,Gene253,Gene277
156,Gene285,Gene492
157,Gene216,Gene77
158,Gene493,Gene417
159,Gene463,Gene201
160,Gene229,Gene483
161,Gene291,Gene416
162,Gene440,Gene289
163,Gene163,Gene44
164,Gene170,Gene20
165,Gene472,Gene95
166,Gene287,Gene490
167,Gene456,Gene37
168,Gene347,Gene39
169,Gene384,Gene225
170,Gene407,Gene418
171,Gene3,Gene29
172,Gene286,Gene391
173,Gene61,Gene500
174,Gene512,Gene344
175,Gene259,Gene167
176,Gene204,Gene42
177,Gene315,Gene92
178,Gene207,Gene479
179,Gene376,Gene523
180,Gene159,Gene67
181,Gene204,Gene164
182,Gene32,Gene31
183,Gene43,Gene361
184,Gene270,Gene198
185,Gene93,Gene401
186,Gene228,Gene447
187,Gene69,Gene256
188,Gene281,Gene133
189,Gene84,Gene270
190,Gene293,Gene168
191,Gene93,Gene444
192,Gene450,Gene140
193,Gene27,Gene166
194,Gene314,Gene369
195,Gene493,Gene29
196,Gene486,Gene483
197,Gene408,Gene187
198,Gene532,Gene353
199,Gene81,Gene126
200,Gene339,Gene336
201,Gene216,Gene116
202,Gene398,Gene395
203,Gene527,Gene288
204,Gene346,Gene142
205,Gene93,Gene400
206,Gene93,Gene427
207,Gene152,Gene333
208,Gene519,Gene163
209,Gene485,Gene437
210,Gene504,Gene26
211,Gene325,Gene296
212,Gene277,Gene104
213,Gene468,Gene418
214,Gene324,Gene364
215,Gene236,Gene315
216,Gene521,Gene521
217,Gene409,Gene447
218,Gene434,Gene17
219,Gene105,Gene64
220,Gene63,Gene31
221,Gene410,Gene259
222,Gene497,Gene262
223,Gene281,Gene365
224,Gene505,Gene17
225,Gene412,Gene486
226,Gene234,Gene463
227,Gene191,Gene72
228,Gene354,Gene452
229,Gene385,Gene271
230,Gene3,Gene342
231,Gene46,Gene193
232,Gene104,Gene37
233,Gene381,Gene453
234,Gene531,Gene528
235,Gene88,Gene84
236,Gene499,Gene455
237,Gene412,Gene327
238,Gene162,Gene63
239,Gene523,Gene388
240,Gene391,Gene328
241,Gene408,Gene490
242,Gene66,Gene357
243,Gene354,Gene415
244,Gene79,Gene245
245,Gene492,Gene146
246,Gene135,Gene312
247,Gene212,Gene161
248,Gene437,Gene116
249,Gene333,Gene18
250,Gene207,Gene139
251,Gene464,Gene436
252,Gene465,Gene421
253,Gene131,Gene351
254,Gene494,Gene5
255,Gene495,Gene381
256,Gene510,Gene17
257,Gene180,Gene432
258,Gene344,Gene462
259,Gene249,Gene429
260,Gene15,Gene12
261,Gene177,Gene427
262,Gene196,Gene351
263,Gene273,Gene317
264,Gene163,Gene183
265,Gene149,Gene178
266,Gene3,Gene299
267,Gene12,Gene279
268,Gene126,Gene446
269,Gene286,Gene45
270,Gene252,Gene496
271,Gene388,Gene87
272,Gene344,Gene302
273,Gene72,Gene452
274,Gene109,Gene377
275,Gene331,Gene251
276,Gene297,Gene224
277,Gene186,Gene236
278,Gene499,Gene274
279,Gene443,Gene500
280,Gene86,Gene186
281,Gene502,Gene483
282,Gene518,Gene247
283,Gene88,Gene292
284,Gene306,Gene363
285,Gene462,Gene497
286,Gene52,Gene260
287,Gene232,Gene312
288,Gene106,Gene19
289,Gene483,Gene458
290,Gene275,Gene122
291,Gene225,Gene380
292,Gene329,Gene169
293,Gene509,Gene390
294,Gene283,Gene14
295,Gene87,Gene278
296,Gene398,Gene146
297,Gene125,Gene268
298,Gene95,Gene227
299,Gene51,Gene248
300,Gene393,Gene110
301,Gene216,Gene238
302,Gene431,Gene400
303,Gene157,Gene117
304,Gene272,Gene243
305,Gene150,Gene259
306,Gene176,Gene357
307,Gene134,Gene246
308,Gene86,Gene347
309,Gene344,Gene531
310,Gene396,Gene32
311,Gene310,Gene316
312,Gene392,Gene448
313,Gene490,Gene35
314,Gene426,Gene86
315,Gene51,Gene327
316,Gene381,Gene32
317,Gene191,Gene281
318,Gene387,Gene120
319,Gene509,Gene135
320,Gene115,Gene131
321,Gene19,Gene162
322,Gene116,Gene123
323,Gene143,Gene532
324,Gene220,Gene518
325,Gene116,Gene33
326,Gene388,Gene493
327,Gene121,Gene175
328,Gene195,Gene402
329,Gene285,Gene200
330,Gene266,Gene455
331,Gene468,Gene87
332,Gene427,Gene139
333,Gene71,Gene406
334,Gene186,Gene400
335,Gene36,Gene155
336,Gene172,Gene53
337,Gene215,Gene33
338,Gene215,Gene89
339,Gene527,Gene487
340,Gene420,Gene151
341,Gene184,Gene258
342,Gene12,Gene402
343,Gene229,Gene42
344,Gene344,Gene445
345,Gene238,Gene439
346,Gene179,Gene227
347,Gene396,Gene246
348,Gene117,Gene499
349,Gene243,Gene486
350,Gene422,Gene33
351,Gene251,Gene18
352,Gene509,Gene393
353,Gene375,Gene525
354,Gene11,Gene98
355,Gene431,Gene0
356,Gene475,Gene117
357,Gene200,Gene398
358,Gene491,Gene375
359,Gene381,Gene51
360,Gene251,Gene273
361,Gene113,Gene442
362,Gene89,Gene30
363,Gene46,Gene319
364,Gene190,Gene104
365,Gene529,Gene107
366,Gene497,Gene411
367,Gene465,Gene306
368,Gene90,Gene143
369,Gene458,Gene409
370,Gene242,Gene154
371,Gene313,Gene392
372,Gene21,Gene295
373,Gene164,Gene382
374,Gene233,Gene44
375,Gene443,Gene49
376,Gene135,Gene527
377,Gene304,Gene261
378,Gene168,Gene490
379,Gene418,Gene95
380,Gene473,Gene321
381,Gene388,Gene250
382,Gene54,Gene429
383,Gene125,Gene218
384,Gene133,Gene406
385,Gene119,Gene203
386,Gene96,Gene416
387,Gene246,Gene467
388,Gene431,Gene489
389,Gene485,Gene341
390,Gene98,Gene94
391,Gene71,Gene226
392,Gene243,Gene137
393,Gene445,Gene521
394,Gene21,Gene388
395,Gene492,Gene128
396,Gene41,Gene163
397,Gene183,Gene5
398,Gene249,Gene33
399,Gene397,Gene239
400,Gene134,Gene33
401,Gene171,Gene350
402,Gene98,Gene359
403,Gene306,Gene310
404,Gene445,Gene28
405,Gene401,Gene373
406,Gene297,Gene106
407,Gene421,Gene341
408,Gene83,Gene140
409,Gene42,Gene472
410,Gene510,Gene440
411,Gene136,Gene217
412,Gene64,Gene72
413,Gene123,Gene168
414,Gene470,Gene476
415,Gene324,Gene111
416,Gene419,Gene217
417,Gene482,Gene418
418,Gene407,Gene273
419,Gene51,Gene23
420,Gene458,Gene437
421,Gene434,Gene483
422,Gene50,Gene412
423,Gene518,Gene46
424,Gene419,Gene232
425,Gene498,Gene418
426,Gene178,Gene364
427,Gene289,Gene248
428,Gene266,Gene21
429,Gene432,Gene199
430,Gene280,Gene406
431,Gene238,Gene134
432,Gene522,Gene416
433,Gene525,Gene370
434,Gene67,Gene181
435,Gene216,Gene290
436,Gene485,Gene225
437,Gene395,Gene186
438,Gene128,Gene202
439,Gene265,Gene527
440,Gene423,Gene233
441,Gene184,Gene415
442,Gene26,Gene165
443,Gene133,Gene72
444,Gene160,Gene524
445,Gene88,Gene43
446,Gene24,Gene340
447,Gene325,Gene363
448,Gene455,Gene421
449,Gene155,Gene139
450,Gene45,Gene259
451,Gene146,Gene137
452,Gene338,Gene347
453,Gene2,Gene131
454,Gene154,Gene38
455,Gene315,Gene308
456,Gene105,Gene60
457,Gene407,Gene379
458,Gene176,Gene41
459,Gene278,Gene459
460,Gene313,Gene344
461,Gene359,Gene160
462,Gene406,Gene397
463,Gene357,Gene92
464,Gene347,Gene384
465,Gene398,Gene118
466,Gene78,Gene429
467,Gene243,Gene307
468,Gene9,Gene431
469,Gene257,Gene178
470,Gene224,Gene55
471,Gene178,Gene268
472,Gene372,Gene245
473,Gene36,Gene45
474,Gene372,Gene520
475,Gene218,Gene408
476,Gene210,Gene10
477,Gene198,Gene54
478,Gene365,Gene378
479,Gene430,Gene336
480,Gene17,Gene208
481,Gene125,Gene251
482,Gene246,Gene328
483,Gene454,Gene521
484,Gene78,Gene485
485,Gene445,Gene264
486,Gene202,Gene164
487,Gene124,Gene159
488,Gene262,Gene186
489,Gene452,Gene376
490,Gene426,Gene72
491,Gene516,Gene527
492,Gene186,Gene405
493,Gene269,Gene369
494,Gene388,Gene298
495,Gene24,Gene119
496,Gene183,Gene188
497,Gene478,Gene402
498,Gene462,Gene243
499,Gene492,Gene232
500,Gene497,Gene390
501,Gene180,Gene220
502,Gene248,Gene411
503,Gene519,Gene377
504,Gene245,Gene53
505,Gene453,Gene506
506,Gene159,Gene253
507,Gene172,Gene247
508,Gene0,Gene189
509,Gene293,Gene426
510,Gene258,Gene265
511,Gene319,Gene251
512,Gene295,Gene361
513,Gene497,Gene442
514,Gene38,Gene462
515,Gene326,Gene49
516,Gene108,Gene442
517,Gene445,Gene387
518,Gene295,Gene247
519,Gene346,Gene301
520,Gene170,Gene381
521,Gene493,Gene235
522,Gene264,Gene382
523,Gene167,Gene183
524,Gene412,Gene191
525,Gene481,Gene328
526,Gene407,Gene124
527,Gene216,Gene88
528,Gene197,Gene26
529,Gene68,Gene89
530,Gene285,Gene414
531,Gene206,Gene153
532,Gene387,Gene217
533,Gene239,Gene471
534,Gene79,Gene391
535,Gene483,Gene496
536,Gene307,Gene85
537,Gene226,Gene61
538,Gene513,Gene398
539,Gene19,Gene448
540,Gene154,Gene167
541,Gene253,Gene213
542,Gene350,Gene445
543,Gene171,Gene71
544,Gene165,Gene522
545,Gene10,Gene492
546,Gene184,Gene502
547,Gene93,Gene44
548,Gene329,Gene457
549,Gene416,Gene459
550,Gene445,Gene364
551,Gene501,Gene504
552,Gene284,Gene188
553,Gene450,Gene363
554,Gene59,Gene198
555,Gene87,Gene327
556,Gene456,Gene469
557,Gene193,Gene46
558,Gene95,Gene491
559,Gene383,Gene159
560,Gene387,Gene266
561,Gene328,Gene74
562,Gene522,Gene173
563,Gene86,Gene73
564,Gene190,Gene170
565,Gene15,Gene183
566,Gene443,Gene100
567,Gene208,Gene357
568,Gene162,Gene434
569,Gene319,Gene142
570,Gene93,Gene433
571,Gene132,Gene32
572,Gene384,Gene399
573,Gene58,Gene339
574,Gene106,Gene486
575,Gene23,Gene107
576,Gene400,Gene428
577,Gene357,Gene230
578,Gene199,Gene157
579,Gene369,Gene206
580,Gene231,Gene238
581,Gene454,Gene291
582,Gene2,Gene191
583,Gene261,Gene511
584,Gene17,Gene272
585,Gene320,Gene153
586,Gene477,Gene216
587,Gene245,Gene479
588,Gene362,Gene214
589,Gene427,Gene148
590,Gene94,Gene367
591,Gene59,Gene142
592,Gene125,Gene261
593,Gene98,Gene368
594,Gene180,Gene257
595,Gene427,Gene130
596,Gene383,Gene26
597,Gene250,Gene111
598,Gene172,Gene458
599,Gene260,Gene207
600,Gene247,Gene9
601,Gene401,Gene496
602,Gene211,Gene171
603,Gene99,Gene67
604,Gene234,Gene339
605,Gene197,Gene222
606,Gene247,Gene347
607,Gene175,Gene294
608,Gene456,Gene396
609,Gene322,Gene331
610,Gene30,Gene403
611,Gene221,Gene435
612,Gene101,Gene439
613,Gene65,Gene201
614,Gene175,Gene46
615,Gene386,Gene528
616,Gene334,Gene411
617,Gene58,Gene392
618,Gene120,Gene30
619,Gene207,Gene478
620,Gene351,Gene360
621,Gene325,Gene324
622,Gene214,Gene366
623,Gene75,Gene30
624,Gene470,Gene30
625,Gene115,Gene470
626,Gene134,Gene105
627,Gene33,Gene277
628,Gene409,Gene285
629,Gene451,Gene484
630,Gene12,Gene73
631,Gene134,Gene528
632,Gene215,Gene23
633,Gene303,Gene172
634,Gene364,Gene335
635,Gene150,Gene33
636,Gene259,Gene50
637,Gene38,Gene21
638,Gene451,Gene127
639,Gene181,Gene255
640,Gene258,Gene161
641,Gene32,Gene243
642,Gene48,Gene32
643,Gene425,Gene374
644,Gene310,Gene295
645,Gene363,Gene380
646,Gene110,Gene341
647,Gene340,Gene81
648,Gene176,Gene296
649,Gene272,Gene519
650,Gene363,Gene321
651,Gene218,Gene219
652,Gene233,Gene18
653,Gene414,Gene267
654,Gene147,Gene411
655,Gene64,Gene291
656,Gene124,Gene112
657,Gene100,Gene96
658,Gene514,Gene69
659,Gene116,Gene390
660,Gene231,Gene432
661,Gene284,Gene244
662,Gene21,Gene162
663,Gene349,Gene77
664,Gene211,Gene124
665,Gene461,Gene13
666,Gene411,Gene42
667,Gene108,Gene309
668,Gene527,Gene301
669,Gene195,Gene442
670,Gene85,Gene340
671,Gene10,Gene321
672,Gene338,Gene412
673,Gene225,Gene507
674,Gene455,Gene281
675,Gene137,Gene186
676,Gene157,Gene529
677,Gene459,Gene424
678,Gene241,Gene69
679,Gene452,Gene421
680,Gene354,Gene390
681,Gene517,Gene490
682,Gene396,Gene2
683,Gene286,Gene301
684,Gene314,Gene13
685,Gene260,Gene479
686,Gene349,Gene483
687,Gene225,Gene447
688,Gene465,Gene20
689,Gene97,Gene220
690,Gene444,Gene44
691,Gene229,Gene490
692,Gene250,Gene324
693,Gene377,Gene423
694,Gene137,Gene13
695,Gene19,Gene219
696,Gene294,Gene201
697,Gene61,Gene319
698,Gene334,Gene68
699,Gene26,Gene46
700,Gene212,Gene4
701,Gene140,Gene271
702,Gene144,Gene266
703,Gene397,Gene37
704,Gene305,Gene360
705,Gene90,Gene181
706,Gene497,Gene6
707,Gene473,Gene454
708,Gene247,Gene267
709,Gene307,Gene328
710,Gene143,Gene305
711,Gene80,Gene162
712,Gene241,Gene35
713,Gene64,Gene228
714,Gene359,Gene470
715,Gene125,Gene124
716,Gene350,Gene506
717,Gene284,Gene452
718,Gene467,Gene45
719,Gene304,Gene336
720,Gene528,Gene314
721,Gene446,Gene344
722,Gene28,Gene401
723,Gene390,Gene380
724,Gene108,Gene491
725,Gene334,Gene465
726,Gene69,Gene296
727,Gene330,Gene335
728,Gene365,Gene60
729,Gene28,Gene27
730,Gene339,Gene465
731,Gene285,Gene246
732,Gene144,Gene333
733,Gene69,Gene523
734,Gene497,Gene442
735,Gene134,Gene427
736,Gene37,Gene495
737,Gene516,Gene168
738,Gene426,Gene63
739,Gene503,Gene496
740,Gene191,Gene435
741,Gene384,Gene6
742,Gene166,Gene449
743,Gene245,Gene400
744,Gene38,Gene327
745,Gene321,Gene447
746,Gene285,Gene43
747,Gene70,Gene286
748,Gene83,Gene440
749,Gene190,Gene63
750,Gene145,Gene226
751,Gene205,Gene37
752,Gene103,Gene399
753,Gene405,Gene442
754,Gene227,Gene309
755,Gene385,Gene7
756,Gene259,Gene100
757,Gene340,Gene401
758,Gene97,Gene135
759,Gene481,Gene371
760,Gene355,Gene16
761,Gene468,Gene419
762,Gene54,Gene115
763,Gene384,Gene458
764,Gene307,Gene355
765,Gene33,Gene80
766,Gene431,Gene193
767,Gene406,Gene379
768,Gene233,Gene92
769,Gene513,Gene520
770,Gene36,Gene239
771,Gene133,Gene259
772,Gene95,Gene365
773,Gene207,Gene361
774,Gene452,Gene300
775,Gene93,Gene268
776,Gene336,Gene118
777,Gene423,Gene388
778,Gene521,Gene94
779,Gene66,Gene158
780,Gene24,Gene89
781,Gene418,Gene475
782,Gene423,Gene375
783,Gene383,Gene81
784,Gene279,Gene260
785,Gene444,Gene505
786,Gene317,Gene366
787,Gene17,Gene347
788,Gene16,Gene345
789,Gene469,Gene370
790,Gene185,Gene518
791,Gene73,Gene110
792,Gene47,Gene40
793,Gene273,Gene256
794,Gene123,Gene422
795,Gene20,Gene419
796,Gene59,Gene251
797,Gene432,Gene37
798,Gene477,Gene432
799,Gene510,Gene303
800,Gene414,Gene531
801,Gene198,Gene464
802,Gene84,Gene103
803,Gene253,Gene301
804,Gene328,Gene376
805,Gene243,Gene102
806,Gene128,Gene302
807,Gene101,Gene271
808,Gene172,Gene164
809,Gene226,Gene432
810,Gene306,Gene326
811,Gene109,Gene128
812,Gene252,Gene298
813,Gene190,Gene107
814,Gene123,Gene404
815,Gene380,Gene262
816,Gene52,Gene96
817,Gene500,Gene302
818,Gene226,Gene218
819,Gene119,Gene135
820,Gene532,Gene344
821,Gene482,Gene62
822,Gene253,Gene258
823,Gene143,Gene102
824,Gene325,Gene153
825,Gene519,Gene58
826,Gene431,Gene403
827,Gene392,Gene266
828,Gene383,Gene341
829,Gene378,Gene339
830,Gene145,Gene92
831,Gene247,Gene396
832,Gene484,Gene19
833,Gene186,Gene227
834,Gene110,Gene137
835,Gene34,Gene22
836,Gene185,Gene397
837,Gene27,Gene489
838,Gene173,Gene265
839,Gene203,Gene382
840,Gene7,Gene221
841,Gene233,Gene334
842,Gene125,Gene264
843,Gene456,Gene257
844,Gene116,Gene51
845,Gene46,Gene157
846,Gene33,Gene441
847,Gene440,Gene161
848,Gene125,Gene13
849,Gene186,Gene142
850,Gene133,Gene84
851,Gene136,Gene432
852,Gene220,Gene103
853,Gene54,Gene508
854,Gene149,Gene449
855,Gene344,Gene374
856,Gene97,Gene258
857,Gene451,Gene463
858,Gene304,Gene498
859,Gene194,Gene131
860,Gene333,Gene10
861,Gene339,Gene55
862,Gene233,Gene32
863,Gene120,Gene56
864,Gene465,Gene169
865,Gene528,Gene506
866,Gene170,Gene281
867,Gene335,Gene511
868,Gene160,Gene403
869,Gene126,Gene273
870,Gene78,Gene228
871,Gene130,Gene202
872,Gene398,Gene184
873,Gene30,Gene9
874,Gene153,Gene134
875,Gene235,Gene132
876,Gene509,Gene22
877,Gene88,Gene488
878,Gene517,Gene292
879,Gene203,Gene366
880,Gene529,Gene429
881,Gene408,Gene90
882,Gene99,Gene105
883,Gene138,Gene164
884,Gene399,Gene480
885,Gene332,Gene130
886,Gene469,Gene507
887,Gene222,Gene406
888,Gene463,Gene174
889,Gene278,Gene196
890,Gene135,Gene45
891,Gene13,Gene244
892,Gene271,Gene17
893,Gene77,Gene282
894,Gene383,Gene52
895,Gene10,Gene286
896,Gene384,Gene491
897,Gene517,Gene106
898,Gene178,Gene312
899,Gene373,Gene327
900,Gene331,Gene390
901,Gene146,Gene227
902,Gene207,Gene295
903,Gene285,Gene366
904,Gene332,Gene346
905,Gene71,Gene26
906,Gene121,Gene103
907,Gene369,Gene248
908,Gene288,Gene345
909,Gene189,Gene416
910,Gene137,Gene287
911,Gene393,Gene79
912,Gene126,Gene359
913,Gene492,Gene85
914,Gene505,Gene154
915,Gene431,Gene376
916,Gene367,Gene107
917,Gene91,Gene485
918,Gene213,Gene340
919,Gene90,Gene140
920,Gene305,Gene207
921,Gene217,Gene489
922,Gene418,Gene25
923,Gene433,Gene48
924,Gene33,Gene131
925,Gene448,Gene135
926,Gene25,Gene77
927,Gene217,Gene298
928,Gene433,Gene493
929,Gene392,Gene28
930,Gene297,Gene37
931,Gene335,Gene101
932,Gene131,Gene425
933,Gene50,Gene226
934,Gene23,Gene149
935,Gene85,Gene70
936,Gene75,Gene163
937,Gene327,Gene531
938,Gene305,Gene370
939,Gene351,Gene83
940,Gene21,Gene58
941,Gene313,Gene122
942,Gene368,Gene194
943,Gene409,Gene203
944,Gene396,Gene180
945,Gene96,Gene452
946,Gene208,Gene444
947,Gene479,Gene482
948,Gene441,Gene457
949,Gene189,Gene5
950,Gene229,Gene218
951,Gene352,Gene88
952,Gene85,Gene193
953,Gene239,Gene7
954,Gene76,Gene258
955,Gene317,Gene123
956,Gene38,Gene43
957,Gene164,Gene351
958,Gene453,Gene92
959,Gene24,Gene462
960,Gene396,Gene530
961,Gene260,Gene151
962,Gene179,Gene328
963,Gene241,Gene98
964,Gene448,Gene395
965,Gene493,Gene510
966,Gene376,Gene187
967,Gene281,Gene479
968,Gene46,Gene224
969,Gene296,Gene152
970,Gene108,Gene61
971,Gene151,Gene379
972,Gene219,Gene357
973,Gene17,Gene8
974,Gene35,Gene459
975,Gene65,Gene10
976,Gene359,Gene398
977,Gene266,Gene268
978,Gene282,Gene166
979,Gene355,Gene33
980,Gene306,Gene358
981,Gene80,Gene370
982,Gene205,Gene221
983,Gene52,Gene409
984,Gene280,Gene63
985,Gene383,Gene519
986,Gene170,Gene421
987,Gene332,Gene44
988,Gene444,Gene163
989,Gene48,Gene398
990,Gene511,Gene113
991,Gene4,Gene34
992,Gene501,Gene137
993,Gene130,Gene440
994,Gene235,Gene29
995,Gene435,Gene496
996,Gene345,Gene142
997,Gene142,Gene135
998,Gene93,Gene260
999,Gene298,Gene391
1000,Gene161,Gene226
1001,Gene303,Gene396
1002,Gene492,Gene10
1003,Gene185,Gene507
1004,Gene173,Gene206
1005,Gene428,Gene326
1006,Gene489,Gene245
1007,Gene196,Gene149
1008,Gene333,Gene118
1009,Gene418,Gene149
1010,Gene236,Gene136
1011,Gene342,Gene424
1012,Gene513,Gene213
1013,Gene302,Gene321
1014,Gene12,Gene195
1015,Gene206,Gene328
1016,Gene477,Gene76
1017,Gene13,Gene100
1018,Gene79,Gene14
1019,Gene282,Gene420
1020,Gene431,Gene263
1021,Gene290,Gene435
1022,Gene349,Gene257
1023,Gene521,Gene230
1024,Gene308,Gene81
1025,Gene249,Gene211
1026,Gene240,Gene240
1027,Gene136,Gene408
1028,Gene442,Gene356
1029,Gene245,Gene172
1030,Gene8,Gene30
1031,Gene388,Gene384
1032,Gene481,Gene194
1033,Gene334,Gene12
1034,Gene27,Gene323
1035,Gene370,Gene106
1036,Gene259,Gene186
1037,Gene211,Gene371
1038,Gene366,Gene38
1039,Gene242,Gene437
1040,Gene51,Gene249
1041,Gene93,Gene8
1042,Gene450,Gene124
1043,Gene408,Gene497
1044,Gene33,Gene71
1045,Gene247,Gene518
1046,Gene74,Gene459
1047,Gene149,Gene137
1048,Gene78,Gene28
1049,Gene15,Gene374
1050,Gene29,Gene36
1051,Gene376,Gene29
1052,Gene109,Gene359
1053,Gene314,Gene471
1054,Gene270,Gene160
1055,Gene130,Gene386
1056,Gene486,Gene392
1057,Gene103,Gene123
1058,Gene379,Gene463
1059,Gene27,Gene25
1060,Gene83,Gene74
1061,Gene163,Gene323
1062,Gene91,Gene483
1063,Gene452,Gene255
1064,Gene389,Gene266
1065,Gene142,Gene403
1066,Gene137,Gene54
1067,Gene210,Gene345
1068,Gene526,Gene526
1069,Gene327,Gene390
1070,Gene195,Gene413
1071,Gene269,Gene249
1072,Gene303,Gene240
1073,Gene384,Gene427
1074,Gene176,Gene42
1075,Gene217,Gene32
1076,Gene506,Gene26
1077,Gene20,Gene518
1078,Gene391,Gene249
1079,Gene209,Gene309
1080,Gene61,Gene160
1081,Gene348,Gene116
1082,Gene68,Gene46
1083,Gene82,Gene197
1084,Gene31,Gene27
1085,Gene226,Gene45
1086,Gene463,Gene231
1087,Gene320,Gene493
1088,Gene327,Gene280
1089,Gene305,Gene31
1090,Gene90,Gene362
1091,Gene519,Gene458
1092,Gene430,Gene245
1093,Gene127,Gene83
1094,Gene244,Gene191
1095,Gene201,Gene531
1096,Gene519,Gene327
1097,Gene504,Gene463
1098,Gene16,Gene198
1099,Gene293,Gene281
1100,Gene80,Gene498
1101,Gene154,Gene524
1102,Gene470,Gene105
1103,Gene469,Gene170
1104,Gene419,Gene275
1105,Gene338,Gene96
1106,Gene497,Gene277
1107,Gene310,Gene441
1108,Gene232,Gene472
1109,Gene331,Gene295
1110,Gene44,Gene490
1111,Gene72,Gene432
1112,Gene428,Gene236
1113,Gene7,Gene338
1114,Gene446,Gene299
1115,Gene168,Gene35
1116,Gene279,Gene451
1117,Gene339,Gene188
1118,Gene219,Gene351
1119,Gene402,Gene211
1120,Gene384,Gene452
1121,Gene259,Gene138
1122,Gene473,Gene0
1123,Gene362,Gene69
1124,Gene73,Gene115
1125,Gene379,Gene413
1126,Gene40,Gene289
1127,Gene359,Gene263
1128,Gene163,Gene128
1129,Gene478,Gene445
1130,Gene473,Gene288
1131,Gene160,Gene429
1132,Gene388,Gene389
1133,Gene37,Gene234
1134,Gene272,Gene364
1135,Gene170,Gene82
1136,Gene309,Gene152
1137,Gene324,Gene529
1138,Gene91,Gene520
1139,Gene518,Gene399
1140,Gene64,Gene478
1141,Gene242,Gene65
1142,Gene257,Gene429
1143,Gene113,Gene412
1144,Gene307,Gene72
1145,Gene261,Gene475
1146,Gene521,Gene527
1147,Gene112,Gene26
1148,Gene419,Gene112
1149,Gene141,Gene421
1150,Gene193,Gene264
1151,Gene151,Gene70
1152,Gene233,Gene32
1153,Gene131,Gene446
1154,Gene267,Gene506
1155,Gene314,Gene111
1156,Gene445,Gene455
1157,Gene276,Gene509
1158,Gene145,Gene61
1159,Gene166,Gene328
1160,Gene92,Gene473
1161,Gene66,Gene75
1162,Gene284,Gene202
1163,Gene172,Gene377
1164,Gene349,Gene14
1165,Gene24,Gene141
1166,Gene153,Gene72
1167,Gene381,Gene36
1168,Gene94,Gene381
1169,Gene311,Gene529
1170,Gene420,Gene160
1171,Gene191,Gene102
1172,Gene532,Gene482
1173,Gene156,Gene433
1174,Gene411,Gene303
1175,Gene190,Gene42
1176,Gene197,Gene120
1177,Gene288,Gene392
1178,Gene46,Gene7
1179,Gene515,Gene205
1180,Gene20,Gene39
1181,Gene114,Gene68
1182,Gene92,Gene34
1183,Gene52,Gene393
1184,Gene275,Gene206
1185,Gene245,Gene228
1186,Gene6,Gene120
1187,Gene161,Gene198
1188,Gene295,Gene485
1189,Gene379,Gene293
1190,Gene150,Gene418
1191,Gene300,Gene508
1192,Gene175,Gene73
1193,Gene393,Gene32
1194,Gene455,Gene163
1195,Gene485,Gene360
1196,Gene462,Gene69
1197,Gene61,Gene280
1198,Gene474,Gene295
1199,Gene164,Gene495
1200,Gene141,Gene248
1201,Gene374,Gene466
1202,Gene92,Gene455
1203,Gene42,Gene407
1204,Gene489,Gene277
1205,Gene349,Gene411
1206,Gene512,Gene501
1207,Gene68,Gene520
1208,Gene437,Gene373
1209,Gene87,Gene76
1210,Gene220,Gene284
1211,Gene251,Gene344
1212,Gene406,Gene284
1213,Gene375,Gene9
1214,Gene70,Gene346
1215,Gene27,Gene476
1216,Gene167,Gene517
1217,Gene165,Gene351
1218,Gene326,Gene480
1219,Gene342,Gene123
1220,Gene358,Gene312
1221,Gene10,Gene59
1222,Gene165,Gene220
1223,Gene511,Gene449
1224,Gene402,Gene260
1225,Gene394,Gene381
1226,Gene413,Gene137
1227,Gene103,Gene35
1228,Gene428,Gene320
1229,Gene171,Gene229
1230,Gene309,Gene203
1231,Gene481,Gene360
1232,Gene451,Gene372
1233,Gene116,Gene42
1234,Gene112,Gene124
1235,Gene8,Gene483
1236,Gene356,Gene72
1237,Gene454,Gene446
1238,Gene234,Gene312
1239,Gene260,Gene75
1240,Gene275,Gene121
1241,Gene131,Gene103
1242,Gene281,Gene274
1243,Gene4,Gene50
1244,Gene529,Gene421
1245,Gene76,Gene186
1246,Gene373,Gene233
1247,Gene426,Gene46
1248,Gene152,Gene518
1249,Gene229,Gene501
1250,Gene13,Gene466
1251,Gene256,Gene126
1252,Gene260,Gene294
1253,Gene305,Gene16
1254,Gene482,Gene214
1255,Gene412,Gene102
1256,Gene351,Gene67
1257,Gene252,Gene331
1258,Gene235,Gene459
1259,Gene392,Gene320
1260,Gene452,Gene509
1261,Gene117,Gene256
1262,Gene349,Gene359
1263,Gene499,Gene155
1264,Gene56,Gene333
1265,Gene234,Gene477
1266,Gene216,Gene251
1267,Gene53,Gene110
1268,Gene448,Gene97
1269,Gene477,Gene246
1270,Gene91,Gene204
1271,Gene274,Gene458
1272,Gene416,Gene510
1273,Gene131,Gene298
1274,Gene501,Gene238
1275,Gene196,Gene244
1276,Gene335,Gene417
1277,Gene388,Gene361
1278,Gene383,Gene272
1279,Gene223,Gene439
1280,Gene194,Gene84
1281,Gene138,Gene54
1282,Gene274,Gene523
1283,Gene113,Gene329
1284,Gene298,Gene367
1285,Gene256,Gene217
1286,Gene488,Gene174
1287,Gene51,Gene392
1288,Gene52,Gene126
1289,Gene185,Gene316
1290,Gene527,Gene34
1291,Gene494,Gene268
1292,Gene397,Gene327
1293,Gene369,Gene435
1294,Gene459,Gene153
1295,Gene161,Gene130
1296,Gene275,Gene296
1297,Gene346,Gene442
1298,Gene469,Gene9
1299,Gene479,Gene515
1300,Gene60,Gene324
1301,Gene456,Gene119
1302,Gene185,Gene457
1303,Gene258,Gene221
1304,Gene365,Gene427
1305,Gene99,Gene310
1306,Gene471,Gene145
1307,Gene377,Gene370
1308,Gene483,Gene475
1309,Gene335,Gene423
1310,Gene252,Gene54
1311,Gene72,Gene373
1312,Gene141,Gene326
1313,Gene232,Gene7
1314,Gene147,Gene437
1315,Gene401,Gene339
1316,Gene117,Gene278
1317,Gene384,Gene135
1318,Gene149,Gene454
1319,Gene451,Gene362
1320,Gene167,Gene247
1321,Gene333,Gene159
1322,Gene229,Gene223
1323,Gene121,Gene171
1324,Gene29,Gene419
1325,Gene455,Gene168
1326,Gene58,Gene397
1327,Gene214,Gene309
1328,Gene273,Gene506
1329,Gene265,Gene504
1330,Gene24,Gene132
1331,Gene18,Gene317
1332,Gene342,Gene130
1333,Gene362,Gene265
1334,Gene210,Gene519
1335,Gene251,Gene302
1336,Gene117,Gene463
1337,Gene196,Gene461
1338,Gene338,Gene285
1339,Gene189,Gene154
1340,Gene447,Gene87
1341,Gene29,Gene529
1342,Gene402,Gene224
1343,Gene87,Gene322
1344,Gene167,Gene516
1345,Gene91,Gene513
1346,Gene49,Gene307
1347,Gene84,Gene394
1348,Gene46,Gene374
1349,Gene209,Gene13
1350,Gene107,Gene60
1351,Gene468,Gene430
1352,Gene405,Gene382
1353,Gene226,Gene148
1354,Gene290,Gene288
1355,Gene305,Gene4
1356,Gene281,Gene130
1357,Gene154,Gene299
1358,Gene424,Gene161
1359,Gene120,Gene471
1360,Gene45,Gene432
1361,Gene95,Gene130
1362,Gene414,Gene273
1363,Gene521,Gene169
1364,Gene427,Gene199
1365,Gene317,Gene212
1366,Gene121,Gene89
1367,Gene319,Gene354
1368,Gene434,Gene131
1369,Gene512,Gene78
1370,Gene251,Gene59
1371,Gene65,Gene502
1372,Gene140,Gene444
1373,Gene125,Gene355
1374,Gene239,Gene304
1375,Gene427,Gene342
1376,Gene430,Gene397
1377,Gene484,Gene427
1378,Gene443,Gene490
1379,Gene420,Gene525
1380,Gene97,Gene126
1381,Gene522,Gene416
1382,Gene286,Gene278
1383,Gene34,Gene347
1384,Gene132,Gene138
1385,Gene363,Gene14
1386,Gene524,Gene279
1387,Gene284,Gene476
1388,Gene232,Gene196
1389,Gene334,Gene419
1390,Gene57,Gene138
1391,Gene165,Gene358
1392,Gene494,Gene190
1393,Gene371,Gene482
1394,Gene525,Gene19
1395,Gene314,Gene185
1396,Gene470,Gene138
1397,Gene145,Gene199
1398,Gene221,Gene12
1399,Gene123,Gene191
1400,Gene461,Gene33
1401,Gene163,Gene36
1402,Gene180,Gene240
1403,Gene175,Gene9
1404,Gene143,Gene169
1405,Gene46,Gene251
1406,Gene532,Gene192
1407,Gene375,Gene298
1408,Gene427,Gene381
1409,Gene208,Gene170
1410,Gene364,Gene187
1411,Gene410,Gene228
1412,Gene405,Gene0
1413,Gene144,Gene155
1414,Gene70,Gene379
1415,Gene470,Gene293
1416,Gene251,Gene124
1417,Gene77,Gene132
1418,Gene89,Gene145
1419,Gene493,Gene176
1420,Gene498,Gene108
1421,Gene231,Gene69
1422,Gene45,Gene183
1423,Gene489,Gene5
1424,Gene418,Gene212
1425,Gene429,Gene401
1426,Gene278,Gene120
1427,Gene148,Gene379
1428,Gene261,Gene203
1429,Gene91,Gene246
1430,Gene519,Gene111
1431,Gene14,Gene44
1432,Gene395,Gene413
1433,Gene361,Gene338
1434,Gene20,Gene340
1435,Gene55,Gene326
1436,Gene33,Gene93
1437,Gene119,Gene44
1438,Gene84,Gene384
1439,Gene408,Gene185
1440,Gene225,Gene115
1441,Gene71,Gene240
1442,Gene77,Gene119
1443,Gene368,Gene394
1444,Gene100,Gene286
1445,Gene448,Gene102
1446,Gene321,Gene290
1447,Gene468,Gene413
1448,Gene327,Gene227
1449,Gene153,Gene345
1450,Gene464,Gene371
1451,Gene399,Gene36
1452,Gene421,Gene386
1453,Gene417,Gene458
1454,Gene484,Gene460
1455,Gene154,Gene159
1456,Gene497,Gene528
1457,Gene166,Gene30
1458,Gene33,Gene207
1459,Gene84,Gene44
1460,Gene158,Gene4
1461,Gene177,Gene308
1462,Gene84,Gene3
1463,Gene377,Gene180
1464,Gene93,Gene287
1465,Gene239,Gene171
1466,Gene58,Gene199
1467,Gene403,Gene53
1468,Gene7,Gene286
1469,Gene131,Gene256
1470,Gene505,Gene64
1471,Gene486,Gene111
1472,Gene90,Gene47
1473,Gene316,Gene481
1474,Gene195,Gene83
1475,Gene162,Gene482
1476,Gene466,Gene265
1477,Gene410,Gene151
1478,Gene463,Gene54
1479,Gene107,Gene9
1480,Gene521,Gene164
1481,Gene270,Gene283
1482,Gene35,Gene13
1483,Gene80,Gene86
1484,Gene252,Gene298
1485,Gene299,Gene252
1486,Gene368,Gene93
1487,Gene132,Gene81
1488,Gene441,Gene317
1489,Gene457,Gene261
1490,Gene377,Gene474
1491,Gene400,Gene527
1492,Gene65,Gene152
1493,Gene323,Gene268
1494,Gene237,Gene459
1495,Gene321,Gene444
1496,Gene219,Gene340
1497,Gene435,Gene343
1498,Gene375,Gene501
1499,Gene518,Gene244
1500,Gene207,Gene334
1501,Gene398,Gene449
1502,Gene246,Gene303
1503,Gene66,Gene16
1504,Gene446,Gene458
1505,Gene373,Gene228
1506,Gene146,Gene253
1507,Gene493,Gene69
1508,Gene289,Gene271
1509,Gene492,Gene258
1510,Gene481,Gene379
1511,Gene51,Gene338
1512,Gene260,Gene357
1513,Gene194,Gene487
1514,Gene436,Gene300
1515,Gene267,Gene401
1516,Gene151,Gene112
1517,Gene406,Gene114
1518,Gene189,Gene339
1519,Gene4,Gene196
1520,Gene141,Gene107
1521,Gene166,Gene301
1522,Gene430,Gene442
1523,Gene506,Gene171
1524,Gene356,Gene137
1525,Gene24,Gene429
1526,Gene418,Gene311
1527,Gene347,Gene28
1528,Gene72,Gene336
1529,Gene443,Gene81
1530,Gene400,Gene190
1531,Gene373,Gene126
1532,Gene518,Gene457
1533,Gene185,Gene218
1534,Gene107,Gene441
1535,Gene335,Gene135
1536,Gene486,Gene446
1537,Gene355,Gene148
1538,Gene454,Gene484
1539,Gene299,Gene482
1540,Gene342,Gene179
1541,Gene489,Gene76
1542,Gene478,Gene316
1543,Gene66,Gene110
1544,Gene325,Gene57
1545,Gene97,Gene201
1546,Gene258,Gene393
1547,Gene193,Gene238
1548,Gene215,Gene241
1549,Gene470,Gene499
1550,Gene475,Gene152
1551,Gene188,Gene290
1552,Gene78,Gene35
1553,Gene329,Gene297
1554,Gene153,Gene26
1555,Gene84,Gene74
1556,Gene56,Gene23
1557,Gene170,Gene342
1558,Gene27,Gene135
1559,Gene132,Gene336
1560,Gene224,Gene441
1561,Gene355,Gene168
1562,Gene247,Gene348
1563,Gene461,Gene524
1564,Gene318,Gene231
1565,Gene503,Gene14
1566,Gene363,Gene67
1567,Gene455,Gene400
1568,Gene506,Gene209
1569,Gene165,Gene420
1570,Gene352,Gene494
1571,Gene179,Gene365
1572,Gene197,Gene151
1573,Gene204,Gene46
1574,Gene456,Gene118
1575,Gene117,Gene151
1576,Gene171,Gene237
1577,Gene102,Gene367
1578,Gene79,Gene314
1579,Gene470,Gene252
1580,Gene164,Gene46
1581,Gene51,Gene105
1582,Gene192,Gene261
1583,Gene443,Gene520
1584,Gene183,Gene480
1585,Gene247,Gene136
1586,Gene219,Gene348
1587,Gene336,Gene502
1588,Gene374,Gene432
1589,Gene438,Gene220
1590,Gene218,Gene317
1591,Gene486,Gene306
1592,Gene379,Gene147
1593,Gene450,Gene44
1594,Gene431,Gene296
1595,Gene121,Gene441
1596,Gene96,Gene93
1597,Gene476,Gene105
1598,Gene351,Gene431
1599,Gene217,Gene46
1600,Gene354,Gene165
1601,Gene471,Gene184
1602,Gene459,Gene16
1603,Gene159,Gene83
1604,Gene486,Gene322
1605,Gene500,Gene75
1606,Gene187,Gene332
1607,Gene139,Gene310
1608,Gene332,Gene230
1609,Gene163,Gene509
1610,Gene66,Gene278
1611,Gene319,Gene422
1612,Gene155,Gene222
1613,Gene526,Gene97
1614,Gene55,Gene357
1615,Gene54,Gene70
1616,Gene255,Gene444
1617,Gene401,Gene43
1618,Gene213,Gene121
1619,Gene325,Gene224
1620,Gene520,Gene40
1621,Gene405,Gene27
1622,Gene14,Gene58
1623,Gene82,Gene107
1624,Gene256,Gene288
1625,Gene25,Gene364
1626,Gene73,Gene511
1627,Gene80,Gene451
1628,Gene309,Gene295
1629,Gene64,Gene339
1630,Gene300,Gene104
1631,Gene161,Gene526
1632,Gene101,Gene13
1633,Gene20,Gene188
1634,Gene203,Gene391
1635,Gene132,Gene133
1636,Gene168,Gene279
1637,Gene370,Gene398
1638,Gene223,Gene405
1639,Gene157,Gene452
1640,Gene490,Gene48
1641,Gene138,Gene329
1642,Gene52,Gene244
1643,Gene167,Gene130
1644,Gene179,Gene67
1645,Gene365,Gene300
1646,Gene4,Gene175
1647,Gene45,Gene78
1648,Gene285,Gene369
1649,Gene50,Gene458
1650,Gene44,Gene229
1651,Gene490,Gene258
1652,Gene456,Gene85
1653,Gene484,Gene177
1654,Gene422,Gene254
1655,Gene502,Gene226
1656,Gene269,Gene521
1657,Gene234,Gene12
1658,Gene176,Gene144
1659,Gene506,Gene117
1660,Gene89,Gene105
1661,Gene9,Gene135
1662,Gene16,Gene429
1663,Gene342,Gene159
1664,Gene387,Gene67
1665,Gene216,Gene313
1666,Gene416,Gene330
1667,Gene516,Gene413
1668,Gene32,Gene293
1669,Gene479,Gene245
1670,Gene97,Gene378
1671,Gene228,Gene485
1672,Gene84,Gene454
1673,Gene147,Gene8
1674,Gene470,Gene436
1675,Gene376,Gene119
1676,Gene495,Gene328
1677,Gene167,Gene43
1678,Gene208,Gene285
1679,Gene377,Gene149
1680,Gene110,Gene17
1681,Gene143,Gene415
1682,Gene461,Gene467
1683,Gene283,Gene44
1684,Gene120,Gene144
1685,Gene331,Gene154
1686,Gene320,Gene460
1687,Gene527,Gene458
1688,Gene76,Gene325
1689,Gene21,Gene453
1690,Gene512,Gene432
1691,Gene472,Gene239
1692,Gene255,Gene325
1693,Gene482,Gene493
1694,Gene213,Gene279
1695,Gene279,Gene257
1696,Gene319,Gene341
1697,Gene268,Gene399
1698,Gene335,Gene309
1699,Gene474,Gene281
1700,Gene89,Gene212
1701,Gene221,Gene356
1702,Gene175,Gene257
1703,Gene151,Gene218
1704,Gene249,Gene398
1705,Gene150,Gene119
1706,Gene246,Gene54
1707,Gene228,Gene117
1708,Gene106,Gene299
1709,Gene22,Gene340
1710,Gene381,Gene296
1711,Gene67,Gene477
1712,Gene379,Gene504
1713,Gene55,Gene152
1714,Gene401,Gene230
1715,Gene43,Gene515
1716,Gene455,Gene246
1717,Gene164,Gene131
1718,Gene474,Gene92
1719,Gene161,Gene348
1720,Gene156,Gene473
1721,Gene257,Gene497
1722,Gene328,Gene132
1723,Gene471,Gene365
1724,Gene22,Gene249
1725,Gene488,Gene277
1726,Gene40,Gene310
1727,Gene395,Gene228
1728,Gene26,Gene530
1729,Gene470,Gene469
1730,Gene2,Gene210
1731,Gene87,Gene305
1732,Gene508,Gene32
1733,Gene399,Gene7
1734,Gene481,Gene432
1735,Gene351,Gene298
1736,Gene170,Gene174
1737,Gene444,Gene387
1738,Gene394,Gene242
1739,Gene426,Gene488
1740,Gene113,Gene89
1741,Gene250,Gene513
1742,Gene438,Gene89
1743,Gene429,Gene502
1744,Gene511,Gene230
1745,Gene511,Gene11
1746,Gene388,Gene307
1747,Gene269,Gene78
1748,Gene114,Gene422
1749,Gene178,Gene86
1750,Gene174,Gene19
1751,Gene191,Gene343
1752,Gene519,Gene226
1753,Gene242,Gene59
1754,Gene347,Gene146
1755,Gene312,Gene292
1756,Gene26,Gene173
1757,Gene462,Gene362
1758,Gene150,Gene168
1759,Gene13,Gene384
1760,Gene139,Gene451
1761,Gene224,Gene211
1762,Gene318,Gene519
1763,Gene505,Gene262
1764,Gene532,Gene105
1765,Gene74,Gene315
1766,Gene368,Gene222
1767,Gene21,Gene500
1768,Gene169,Gene234
1769,Gene173,Gene92
1770,Gene185,Gene439
1771,Gene169,Gene4
1772,Gene33,Gene437
1773,Gene199,Gene356
1774,Gene454,Gene163
1775,Gene80,Gene38
1776,Gene282,Gene481
1777,Gene415,Gene418
1778,Gene72,Gene434
1779,Gene145,Gene33
1780,Gene126,Gene406
1781,Gene0,Gene507
1782,Gene180,Gene454
1783,Gene134,Gene502
1784,Gene3,Gene379
1785,Gene100,Gene395
1786,Gene4,Gene361
1787,Gene171,Gene74
1788,Gene194,Gene238
1789,Gene473,Gene221
1790,Gene111,Gene189
1791,Gene493,Gene294
1792,Gene49,Gene428
1793,Gene292,Gene352
1794,Gene361,Gene494
1795,Gene185,Gene80
1796,Gene146,Gene373
1797,Gene140,Gene203
1798,Gene220,Gene258
1799,Gene28,Gene493
1800,Gene174,Gene466
1801,Gene370,Gene293
1802,Gene525,Gene289
1803,Gene346,Gene503
1804,Gene221,Gene266
1805,Gene405,Gene381
1806,Gene279,Gene321
1807,Gene146,Gene13
1808,Gene460,Gene400
1809,Gene375,Gene327
1810,Gene184,Gene311
1811,Gene367,Gene488
1812,Gene185,Gene252
1813,Gene247,Gene17
1814,Gene323,Gene77
1815,Gene33,Gene217
1816,Gene230,Gene20
1817,Gene397,Gene303
1818,Gene195,Gene226
1819,Gene191,Gene132
1820,Gene450,Gene354
1821,Gene457,Gene347
1822,Gene37,Gene95
1823,Gene275,Gene24
1824,Gene464,Gene140
1825,Gene474,Gene488
1826,Gene373,Gene18
1827,Gene336,Gene408
1828,Gene150,Gene7
1829,Gene84,Gene119
1830,Gene133,Gene465
1831,Gene493,Gene34
1832,Gene458,Gene432
1833,Gene248,Gene492
1834,Gene249,Gene61
1835,Gene140,Gene24
1836,Gene215,Gene490
1837,Gene303,Gene294
1838,Gene461,Gene245
1839,Gene117,Gene140
1840,Gene196,Gene78
1841,Gene38,Gene21
1842,Gene348,Gene313
1843,Gene411,Gene52
1844,Gene54,Gene427
1845,Gene313,Gene267
1846,Gene7,Gene228
1847,Gene445,Gene278
1848,Gene22,Gene247
1849,Gene224,Gene478
1850,Gene194,Gene389
1851,Gene335,Gene154
1852,Gene42,Gene279
1853,Gene152,Gene452
1854,Gene526,Gene22
1855,Gene69,Gene379
1856,Gene116,Gene44
1857,Gene470,Gene432
1858,Gene279,Gene82
1859,Gene23,Gene334
1860,Gene423,Gene213
1861,Gene67,Gene13
1862,Gene436,Gene71
1863,Gene409,Gene48
1864,Gene358,Gene181
1865,Gene262,Gene42
1866,Gene452,Gene296
1867,Gene193,Gene506
1868,Gene157,Gene44
1869,Gene390,Gene299
1870,Gene530,Gene197
1871,Gene6,Gene464
1872,Gene403,Gene322
1873,Gene386,Gene20
1874,Gene300,Gene483
1875,Gene185,Gene500
1876,Gene134,Gene354
1877,Gene408,Gene380
1878,Gene511,Gene279
1879,Gene320,Gene349
1880,Gene150,Gene212
1881,Gene216,Gene504
1882,Gene37,Gene241
1883,Gene39,Gene228
1884,Gene140,Gene333
1885,Gene119,Gene405
1886,Gene93,Gene90
1887,Gene351,Gene289
1888,Gene52,Gene6
1889,Gene498,Gene359
1890,Gene208,Gene220
1891,Gene5,Gene213
1892,Gene162,Gene251
1893,Gene334,Gene232
1894,Gene132,Gene165
1895,Gene38,Gene504
1896,Gene193,Gene27
1897,Gene505,Gene392
1898,Gene283,Gene266
1899,Gene42,Gene107
1900,Gene395,Gene111
1901,Gene66,Gene410
1902,Gene234,Gene215
1903,Gene74,Gene519
1904,Gene453,Gene392
1905,Gene235,Gene527
1906,Gene65,Gene196
1907,Gene527,Gene86
1908,Gene145,Gene511
1909,Gene347,Gene137
1910,Gene334,Gene410
1911,Gene239,Gene502
1912,Gene494,Gene279
1913,Gene245,Gene105
1914,Gene139,Gene352
1915,Gene489,Gene254
1916,Gene234,Gene287
1917,Gene125,Gene56
1918,Gene114,Gene403
1919,Gene25,Gene80
1920,Gene517,Gene380
1921,Gene212,Gene203
1922,Gene351,Gene513
1923,Gene499,Gene327
1924,Gene264,Gene478
1925,Gene161,Gene271
1926,Gene5,Gene152
1927,Gene396,Gene76
1928,Gene175,Gene453
1929,Gene0,Gene212
1930,Gene116,Gene127
1931,Gene104,Gene367
1932,Gene63,Gene159
1933,Gene259,Gene266
1934,Gene387,Gene363
1935,Gene8,Gene128
1936,Gene147,Gene179
1937,Gene399,Gene89
1938,Gene474,Gene120
1939,Gene279,Gene323
1940,Gene40,Gene289
1941,Gene325,Gene298
1942,Gene138,Gene370
1943,Gene455,Gene520
1944,Gene32,Gene182
1945,Gene152,Gene235
1946,Gene71,Gene115
1947,Gene185,Gene277
1948,Gene44,Gene452
1949,Gene169,Gene471
1950,Gene140,Gene26
1951,Gene28,Gene279
1952,Gene254,Gene52
1953,Gene197,Gene63
1954,Gene52,Gene178
1955,Gene132,Gene300
1956,Gene474,Gene274
1957,Gene151,Gene325
1958,Gene392,Gene493
1959,Gene364,Gene483
1960,Gene91,Gene402
1961,Gene180,Gene9
1962,Gene54,Gene136
1963,Gene310,Gene98
1964,Gene108,Gene209
1965,Gene375,Gene197
1966,Gene384,Gene413
1967,Gene142,Gene418
1968,Gene42,Gene308
1969,Gene92,Gene254
1970,Gene138,Gene43
1971,Gene103,Gene394
1972,Gene130,Gene497
1973,Gene407,Gene374
1974,Gene409,Gene424
1975,Gene452,Gene413
1976,Gene355,Gene471
1977,Gene387,Gene507
1978,Gene310,Gene446
1979,Gene131,Gene180
1980,Gene219,Gene118
1981,Gene314,Gene513
1982,Gene217,Gene200
1983,Gene84,Gene322
1984,Gene314,Gene385
1985,Gene17,Gene257
1986,Gene124,Gene320
1987,Gene438,Gene381
1988,Gene167,Gene471
1989,Gene377,Gene293
1990,Gene31,Gene235
1991,Gene81,Gene471
1992,Gene253,Gene129
1993,Gene424,Gene303
1994,Gene462,Gene273
1995,Gene8,Gene299
1996,Gene444,Gene35
1997,Gene8,Gene207
1998,Gene496,Gene196
1999,Gene333,Gene490
2000,Gene457,Gene344
2001,Gene430,Gene405
2002,Gene17,Gene337
2003,Gene266,Gene450
2004,Gene414,Gene192
2005,Gene446,Gene446
2006,Gene3,Gene99
2007,Gene349,Gene442
2008,Gene27,Gene170
2009,Gene257,Gene376
2010,Gene202,Gene346
2011,Gene217,Gene186
2012,Gene196,Gene58
2013,Gene177,Gene109
2014,Gene489,Gene354
2015,Gene268,Gene454
2016,Gene70,Gene329
2017,Gene339,Gene313
2018,Gene413,Gene306
2019,Gene171,Gene306
2020,Gene152,Gene313
2021,Gene436,Gene86
2022,Gene398,Gene458
2023,Gene516,Gene187
2024,Gene42,Gene201
2025,Gene111,Gene18
2026,Gene181,Gene242
2027,Gene308,Gene388
2028,Gene98,Gene466
2029,Gene515,Gene502
2030,Gene299,Gene260
2031,Gene119,Gene402
2032,Gene319,Gene116
2033,Gene361,Gene265
2034,Gene109,Gene397
2035,Gene32,Gene178
2036,Gene1,Gene371
2037,Gene107,Gene446
2038,Gene513,Gene89
2039,Gene324,Gene405
2040,Gene501,Gene244
2041,Gene379,Gene238
2042,Gene482,Gene493
2043,Gene467,Gene348
2044,Gene27,Gene234
2045,Gene21,Gene215
2046,Gene530,Gene428
2047,Gene431,Gene236
2048,Gene183,Gene394
2049,Gene316,Gene341
2050,Gene20,Gene508
2051,Gene326,Gene135
2052,Gene102,Gene91
2053,Gene512,Gene144
2054,Gene73,Gene231
2055,Gene382,Gene140
2056,Gene509,Gene448
2057,Gene526,Gene403
2058,Gene463,Gene32
2059,Gene34,Gene309
2060,Gene478,Gene18
2061,Gene197,Gene440
2062,Gene229,Gene516
2063,Gene192,Gene213
2064,Gene341,Gene91
2065,Gene364,Gene299
2066,Gene307,Gene432
2067,Gene11,Gene242
2068,Gene41,Gene376
2069,Gene198,Gene518
2070,Gene155,Gene38
2071,Gene64,Gene338
2072,Gene516,Gene405
2073,Gene514,Gene228
2074,Gene265,Gene474
2075,Gene480,Gene127
2076,Gene353,Gene278
2077,Gene124,Gene85
2078,Gene84,Gene308
2079,Gene508,Gene463
2080,Gene365,Gene389
2081,Gene249,Gene171
2082,Gene448,Gene199
2083,Gene149,Gene256
2084,Gene454,Gene10
2085,Gene509,Gene256
2086,Gene196,Gene489
2087,Gene318,Gene438
2088,Gene237,Gene2
2089,Gene532,Gene125
2090,Gene73,Gene338
2091,Gene179,Gene424
2092,Gene471,Gene464
2093,Gene119,Gene393
2094,Gene361,Gene294
2095,Gene44,Gene300
2096,Gene113,Gene254
2097,Gene260,Gene191
2098,Gene298,Gene82
2099,Gene254,Gene521
2100,Gene516,Gene204
2101,Gene480,Gene360
2102,Gene338,Gene312
2103,Gene133,Gene375
2104,Gene86,Gene462
2105,Gene158,Gene313
2106,Gene96,Gene336
2107,Gene456,Gene358
2108,Gene488,Gene352
2109,Gene241,Gene217
2110,Gene416,Gene18
2111,Gene31,Gene278
2112,Gene343,Gene72
2113,Gene244,Gene446
2114,Gene73,Gene435
2115,Gene480,Gene286
2116,Gene529,Gene80
2117,Gene107,Gene261
2118,Gene291,Gene35
2119,Gene120,Gene85
2120,Gene141,Gene186
2121,Gene244,Gene21
2122,Gene117,Gene53
2123,Gene206,Gene408
2124,Gene134,Gene525
2125,Gene161,Gene208
2126,Gene148,Gene455
2127,Gene162,Gene86
2128,Gene235,Gene100
2129,Gene337,Gene89
2130,Gene115,Gene126
2131,Gene256,Gene302
2132,Gene439,Gene189
2133,Gene275,Gene124
2134,Gene385,Gene206
2135,Gene279,Gene190
2136,Gene406,Gene151
2137,Gene407,Gene334
2138,Gene428,Gene134
2139,Gene458,Gene20
2140,Gene7,Gene366
2141,Gene176,Gene13
2142,Gene298,Gene427
2143,Gene154,Gene392
2144,Gene242,Gene181
2145,Gene427,Gene190
2146,Gene314,Gene27
2147,Gene348,Gene58
2148,Gene426,Gene213
2149,Gene53,Gene473
2150,Gene400,Gene482
2151,Gene186,Gene372
2152,Gene89,Gene8
2153,Gene408,Gene453
2154,Gene235,Gene433
2155,Gene101,Gene171
2156,Gene367,Gene235
2157,Gene375,Gene254
2158,Gene514,Gene100
2159,Gene401,Gene166
2160,Gene515,Gene400
2161,Gene113,Gene7
2162,Gene428,Gene400
2163,Gene246,Gene385
2164,Gene515,Gene73
2165,Gene189,Gene405
2166,Gene209,Gene250
2167,Gene216,Gene434
2168,Gene511,Gene185
2169,Gene486,Gene116
2170,Gene439,Gene16
2171,Gene442,Gene41
2172,Gene209,Gene514
2173,Gene504,Gene487
2174,Gene456,Gene197
2175,Gene75,Gene30
2176,Gene166,Gene370
2177,Gene108,Gene376
2178,Gene218,Gene257
2179,Gene495,Gene21
2180,Gene177,Gene9
2181,Gene30,Gene82
2182,Gene314,Gene198
2183,Gene338,Gene39
2184,Gene521,Gene180
2185,Gene107,Gene448
2186,Gene20,Gene47
2187,Gene46,Gene159
2188,Gene127,Gene366
2189,Gene468,Gene186
2190,Gene7,Gene363
2191,Gene374,Gene359
2192,Gene224,Gene305
2193,Gene359,Gene346
2194,Gene431,Gene30
2195,Gene285,Gene522
2196,Gene213,Gene94
2197,Gene189,Gene215
2198,Gene154,Gene180
2199,Gene389,Gene211
2200,Gene51,Gene447
2201,Gene40,Gene250
2202,Gene317,Gene58
2203,Gene393,Gene64
2204,Gene22,Gene46
2205,Gene399,Gene313
2206,Gene327,Gene409
2207,Gene508,Gene519
2208,Gene361,Gene83
2209,Gene506,Gene154
2210,Gene176,Gene389
2211,Gene424,Gene1
2212,Gene331,Gene202
2213,Gene516,Gene508
2214,Gene430,Gene240
2215,Gene265,Gene33
2216,Gene256,Gene214
2217,Gene370,Gene44
2218,Gene366,Gene35
2219,Gene508,Gene225
2220,Gene23,Gene121
2221,Gene352,Gene477
2222,Gene327,Gene236
2223,Gene220,Gene143
2224,Gene119,Gene367
2225,Gene407,Gene327
2226,Gene467,Gene401
2227,Gene471,Gene49
2228,Gene142,Gene287
2229,Gene474,Gene225
2230,Gene372,Gene488
2231,Gene493,Gene377
2232,Gene478,Gene204
2233,Gene295,Gene58
2234,Gene222,Gene13
2235,Gene50,Gene367
2236,Gene367,Gene123
2237,Gene144,Gene497
2238,Gene118,Gene507
2239,Gene479,Gene68
2240,Gene47,Gene339
2241,Gene271,Gene140
2242,Gene195,Gene459
2243,Gene132,Gene486
2244,Gene86,Gene453
2245,Gene74,Gene91
2246,Gene503,Gene171
2247,Gene199,Gene453
2248,Gene275,Gene286
2249,Gene49,Gene118
2250,Gene81,Gene104
2251,Gene427,Gene382
2252,Gene495,Gene214
2253,Gene163,Gene218
2254,Gene166,Gene379
2255,Gene54,Gene19
2256,Gene362,Gene35
2257,Gene168,Gene73
2258,Gene410,Gene379
2259,Gene71,Gene451
2260,Gene107,Gene489
2261,Gene468,Gene77
2262,Gene44,Gene532
2263,Gene113,Gene359
2264,Gene21,Gene154
2265,Gene355,Gene205
2266,Gene502,Gene527
2267,Gene91,Gene284
2268,Gene2,Gene425
2269,Gene299,Gene168
2270,Gene209,Gene109
2271,Gene234,Gene193
2272,Gene293,Gene374
2273,Gene213,Gene144
2274,Gene526,Gene367
2275,Gene334,Gene355
2276,Gene349,Gene307
2277,Gene62,Gene444
2278,Gene497,Gene202
2279,Gene159,Gene47
2280,Gene294,Gene136
2281,Gene258,Gene253
2282,Gene122,Gene523
2283,Gene106,Gene117
2284,Gene264,Gene167
2285,Gene273,Gene450
2286,Gene258,Gene361
2287,Gene1,Gene87
2288,Gene444,Gene38
2289,Gene222,Gene428
2290,Gene312,Gene96
2291,Gene355,Gene401
2292,Gene171,Gene329
2293,Gene282,Gene67
2294,Gene86,Gene101
2295,Gene188,Gene87
2296,Gene232,Gene72
2297,Gene2,Gene151
2298,Gene507,Gene414
2299,Gene384,Gene174
2300,Gene246,Gene323
2301,Gene174,Gene47
2302,Gene323,Gene273
2303,Gene426,Gene106
2304,Gene162,Gene488
2305,Gene6,Gene505
2306,Gene73,Gene185
2307,Gene43,Gene153
2308,Gene101,Gene160
2309,Gene283,Gene369
2310,Gene489,Gene105
2311,Gene467,Gene422
2312,Gene213,Gene113
2313,Gene459,Gene236
2314,Gene528,Gene473
2315,Gene90,Gene115
2316,Gene487,Gene363
2317,Gene62,Gene182
2318,Gene117,Gene293
2319,Gene276,Gene291
2320,Gene231,Gene337
2321,Gene246,Gene502
2322,Gene229,Gene268
2323,Gene429,Gene153
2324,Gene323,Gene503
2325,Gene253,Gene327
2326,Gene530,Gene123
2327,Gene229,Gene132
2328,Gene62,Gene278
2329,Gene507,Gene89
2330,Gene157,Gene123
2331,Gene312,Gene520
2332,Gene256,Gene204
2333,Gene480,Gene263
2334,Gene40,Gene481
2335,Gene158,Gene111
2336,Gene343,Gene149
2337,Gene209,Gene101
2338,Gene458,Gene372
2339,Gene487,Gene406
2340,Gene235,Gene94
2341,Gene1,Gene195
2342,Gene41,Gene372
2343,Gene261,Gene398
2344,Gene397,Gene522
2345,Gene74,Gene472
2346,Gene391,Gene529
2347,Gene156,Gene431
2348,Gene434,Gene289
2349,Gene454,Gene426
2350,Gene380,Gene400
2351,Gene234,Gene415
2352,Gene256,Gene123
2353,Gene17,Gene118
2354,Gene517,Gene309
2355,Gene269,Gene11
2356,Gene501,Gene375
2357,Gene388,Gene177
2358,Gene507,Gene144
2359,Gene528,Gene451
2360,Gene71,Gene112
2361,Gene136,Gene12
2362,Gene316,Gene165
2363,Gene454,Gene2
2364,Gene344,Gene299
2365,Gene196,Gene416
2366,Gene229,Gene285
2367,Gene78,Gene324
2368,Gene58,Gene177
2369,Gene531,Gene509
2370,Gene102,Gene133
2371,Gene2,Gene13
2372,Gene31,Gene162
2373,Gene186,Gene388
2374,Gene486,Gene1
2375,Gene168,Gene140
2376,Gene20,Gene106
2377,Gene381,Gene150
2378,Gene492,Gene473
2379,Gene466,Gene477
2380,Gene6,Gene286
2381,Gene402,Gene341
2382,Gene521,Gene174
2383,Gene448,Gene145
2384,Gene532,Gene508
2385,Gene530,Gene222
2386,Gene112,Gene488
2387,Gene238,Gene283
2388,Gene380,Gene41
2389,Gene118,Gene0
2390,Gene69,Gene263
2391,Gene175,Gene38
2392,Gene235,Gene267
2393,Gene392,Gene247
2394,Gene466,Gene42
2395,Gene430,Gene121
2396,Gene506,Gene353
2397,Gene487,Gene25
2398,Gene504,Gene136
2399,Gene385,Gene117
2400,Gene20,Gene343
2401,Gene117,Gene505
2402,Gene55,Gene487
2403,Gene311,Gene91
2404,Gene31,Gene472
2405,Gene527,Gene500
2406,Gene441,Gene148
2407,Gene87,Gene314
2408,Gene406,Gene314
2409,Gene419,Gene85
2410,Gene437,Gene123
2411,Gene293,Gene381
2412,Gene170,Gene56
2413,Gene337,Gene370
2414,Gene370,Gene165
2415,Gene184,Gene14
2416,Gene206,Gene427
2417,Gene433,Gene515
2418,Gene408,Gene326
2419,Gene424,Gene55
2420,Gene195,Gene378
2421,Gene235,Gene167
2422,Gene470,Gene433
2423,Gene275,Gene402
2424,Gene245,Gene248
2425,Gene359,Gene109
2426,Gene278,Gene134
2427,Gene214,Gene196
2428,Gene97,Gene384
2429,Gene27,Gene441
2430,Gene215,Gene118
2431,Gene273,Gene125
2432,Gene449,Gene423
2433,Gene459,Gene358
2434,Gene62,Gene157
2435,Gene355,Gene396
2436,Gene112,Gene313
2437,Gene59,Gene153
2438,Gene411,Gene163
2439,Gene506,Gene230
2440,Gene198,Gene382
2441,Gene440,Gene78
2442,Gene332,Gene126
2443,Gene323,Gene296
2444,Gene336,Gene77
2445,Gene328,Gene415
2446,Gene406,Gene238
2447,Gene203,Gene358
2448,Gene207,Gene454
2449,Gene302,Gene297
2450,Gene138,Gene198
2451,Gene401,Gene30
2452,Gene181,Gene16
2453,Gene258,Gene300
2454,Gene472,Gene343
2455,Gene429,Gene365
2456,Gene26,Gene94
2457,Gene358,Gene52
2458,Gene366,Gene334
2459,Gene333,Gene57
2460,Gene444,Gene421
2461,Gene282,Gene177
2462,Gene313,Gene179
2463,Gene80,Gene199
2464,Gene22,Gene44
2465,Gene197,Gene40
2466,Gene111,Gene65
2467,Gene129,Gene84
2468,Gene172,Gene369
2469,Gene173,Gene488
2470,Gene253,Gene259
2471,Gene229,Gene17
2472,Gene270,Gene383
2473,Gene101,Gene406
2474,Gene276,Gene136
2475,Gene342,Gene70
2476,Gene311,Gene319
2477,Gene161,Gene297
2478,Gene251,Gene511
2479,Gene367,Gene247
2480,Gene369,Gene389
2481,Gene389,Gene99
2482,Gene118,Gene137
2483,Gene422,Gene85
2484,Gene346,Gene461
2485,Gene291,Gene452
2486,Gene501,Gene27
2487,Gene182,Gene204
2488,Gene320,Gene475
2489,Gene262,Gene0
2490,Gene305,Gene13
2491,Gene395,Gene442
2492,Gene418,Gene20
2493,Gene58,Gene416
2494,Gene137,Gene220
2495,Gene532,Gene151
2496,Gene404,Gene346
2497,Gene57,Gene375
2498,Gene22,Gene325
2499,Gene494,Gene138
